case_id,sagittal_prediction
1211,0.6948292255401611
1239,0.48740291595458984
1168,0.09689290076494217
1149,0.012573624029755592
